dataset_size,processes,execution_time_seconds,speedup,efficiency_percent
1000000,1,0.003491000000,1.000000000000,100.000000000000
1000000,2,0.002974000000,1.173839946200,58.691997310020
1000000,3,0.007952000000,0.439009054326,14.633635144199
1000000,4,0.012930000000,0.269992266048,6.749806651199
5000000,1,0.016881000000,1.000000000000,100.000000000000
5000000,2,0.035339000000,0.477687540677,23.884377033872
5000000,3,0.043528000000,0.387819334681,12.927311156037
5000000,4,0.051752000000,0.326190292163,8.154757304066
10000000,1,0.039017000000,1.000000000000,100.000000000000
10000000,2,0.064401000000,0.605844629742,30.292231487089
10000000,3,0.084561000000,0.461406558579,15.380218619300
10000000,4,0.095681000000,0.407782109301,10.194552732517
